contractSymbol,lastTradeDate,strike,lastPrice,bid,ask,change,percentChange,volume,openInterest,impliedVolatility,inTheMoney,contractSize,currency
SPY260918P00300000,2026-08-18 17:38:00+00:00,300.0,0.01,0.0,0.01,0.0,0.0,80.0,27835,0.87500125,False,REGULAR,USD
SPY260918P00305000,2026-08-17 13:30:05+00:00,305.0,0.01,0.0,0.01,0.0,0.0,5.0,8382,0.87500125,False,REGULAR,USD
SPY260918P00310000,2026-08-13 19:42:03+00:00,310.0,0.01,0.0,0.01,0.0,0.0,25.0,14915,0.8437515624999999,False,REGULAR,USD
SPY260918P00315000,2026-08-11 20:07:11+00:00,315.0,0.01,0.0,0.01,0.0,0.0,1400.0,5753,0.8437515624999999,False,REGULAR,USD
SPY260918P00320000,2026-08-17 18:33:19+00:00,320.0,0.01,0.0,0.01,0.0,0.0,4.0,4856,0.8281267187499999,False,REGULAR,USD
SPY260918P00325000,2026-08-14 14:58:21+00:00,325.0,0.01,0.0,0.01,0.0,0.0,1.0,5193,0.8125018749999999,False,REGULAR,USD
SPY260918P00330000,2026-08-17 18:33:24+00:00,330.0,0.01,0.0,0.01,0.0,0.0,104.0,8548,0.79687703125,False,REGULAR,USD
SPY260918P00335000,2026-08-18 18:41:13+00:00,335.0,0.01,0.0,0.01,0.0,0.0,3.0,4534,0.7812521875,False,REGULAR,USD
SPY260918P00340000,2026-08-13 14:41:35+00:00,340.0,0.01,0.0,0.01,0.0,0.0,10.0,1832,0.7656273437500001,False,REGULAR,USD
SPY260918P00345000,2026-08-18 14:17:18+00:00,345.0,0.01,0.0,0.01,0.0,0.0,1.0,2716,0.7500025,False,REGULAR,USD
SPY260918P00350000,2026-08-18 13:42:13+00:00,350.0,0.01,0.0,0.01,0.0,0.0,39.0,19369,0.7500025,False,REGULAR,USD
SPY260918P00355000,2026-08-17 19:40:33+00:00,355.0,0.01,0.01,0.02,0.0,0.0,10.0,12962,0.789064609375,False,REGULAR,USD
SPY260918P00360000,2026-08-17 17:34:05+00:00,360.0,0.02,0.01,0.02,0.0,0.0,18.0,27620,0.773439765625,False,REGULAR,USD
SPY260918P00365000,2026-08-11 19:33:53+00:00,365.0,0.02,0.01,0.02,0.0,0.0,3.0,16732,0.7578149218750001,False,REGULAR,USD
SPY260918P00370000,2026-08-12 19:35:41+00:00,370.0,0.03,0.01,0.02,0.0,0.0,70.0,21353,0.7500025,False,REGULAR,USD
SPY260918P00375000,2026-08-13 14:18:53+00:00,375.0,0.02,0.01,0.02,0.0,0.0,1.0,2497,0.73437765625,False,REGULAR,USD
SPY260918P00380000,2026-08-12 14:32:13+00:00,380.0,0.02,0.01,0.02,0.0,0.0,1459.0,2864,0.7187528125,False,REGULAR,USD
SPY260918P00385000,2026-08-12 14:01:19+00:00,385.0,0.02,0.01,0.02,0.0,0.0,5.0,912,0.710940390625,False,REGULAR,USD
SPY260918P00390000,2026-08-18 13:31:15+00:00,390.0,0.02,0.01,0.02,0.0,0.0,400.0,1191,0.6953155468750001,False,REGULAR,USD
SPY260918P00395000,2026-08-11 18:43:12+00:00,395.0,0.03,0.01,0.02,0.0,0.0,4.0,2292,0.6835969140625001,False,REGULAR,USD
SPY260918P00400000,2026-08-18 15:30:37+00:00,400.0,0.02,0.01,0.02,0.01,100.0,319.0,24016,0.6718782812500002,False,REGULAR,USD
SPY260918P00405000,2026-08-14 18:18:49+00:00,405.0,0.02,0.02,0.03,0.0,0.0,1.0,2939,0.6875031250000001,False,REGULAR,USD
SPY260918P00410000,2026-08-11 15:29:38+00:00,410.0,0.04,0.02,0.03,0.0,0.0,5.0,637,0.6718782812500002,False,REGULAR,USD
SPY260918P00415000,2026-08-14 14:05:25+00:00,415.0,0.03,0.02,0.03,0.0,0.0,3000.0,105332,0.6601596484375001,False,REGULAR,USD
SPY260918P00420000,2026-08-17 15:19:04+00:00,420.0,0.03,0.02,0.03,0.0,0.0,100.0,105776,0.648441015625,False,REGULAR,USD
SPY260918P00425000,2026-08-13 17:48:13+00:00,425.0,0.03,0.02,0.03,0.0,0.0,3.0,100547,0.6367223828125,False,REGULAR,USD
SPY260918P00430000,2026-08-17 19:50:06+00:00,430.0,0.02,0.02,0.03,0.0,0.0,2.0,1616,0.6250037500000001,False,REGULAR,USD
SPY260918P00435000,2026-08-13 19:02:42+00:00,435.0,0.03,0.03,0.04,0.0,0.0,1000.0,1845,0.6289099609375001,False,REGULAR,USD
SPY260918P00440000,2026-08-17 17:21:12+00:00,440.0,0.03,0.03,0.04,0.0,0.0,1.0,4690,0.6171913281250001,False,REGULAR,USD
SPY260918P00445000,2026-08-17 19:49:56+00:00,445.0,0.03,0.03,0.04,0.0,0.0,2.0,822,0.6054726953125001,False,REGULAR,USD
SPY260918P00450000,2026-08-17 16:09:55+00:00,450.0,0.04,0.03,0.04,0.0,0.0,10.0,12701,0.5937540625000001,False,REGULAR,USD
SPY260918P00455000,2026-08-18 17:19:28+00:00,455.0,0.04,0.03,0.04,0.01,33.333336,11.0,4304,0.5820354296875,False,REGULAR,USD
SPY260918P00460000,2026-08-18 15:04:58+00:00,460.0,0.05,0.04,0.05,0.010000002,25.000004,2.0,572,0.5839885351562499,False,REGULAR,USD
SPY260918P00465000,2026-08-18 15:05:11+00:00,465.0,0.04,0.04,0.05,0.0,0.0,1.0,559,0.5722699023437501,False,REGULAR,USD
SPY260918P00470000,2026-08-18 17:22:10+00:00,470.0,0.05,0.04,0.05,0.0,0.0,11.0,9404,0.5625043750000001,False,REGULAR,USD
SPY260918P00475000,2026-08-17 16:16:18+00:00,475.0,0.04,0.05,0.06,0.0,0.0,2.0,1814,0.56055126953125,False,REGULAR,USD
SPY260918P00480000,2026-08-17 20:06:53+00:00,480.0,0.05,0.05,0.06,0.0,0.0,107.0,10906,0.5488326367187502,False,REGULAR,USD
SPY260918P00485000,2026-08-18 13:31:57+00:00,485.0,0.05,0.05,0.06,-0.02,-28.571428,1.0,803,0.5371140039062501,False,REGULAR,USD
SPY260918P00490000,2026-08-18 14:51:04+00:00,490.0,0.06,0.06,0.07,0.0,0.0,1.0,1238,0.5351608984375,False,REGULAR,USD
SPY260918P00495000,2026-08-18 14:35:56+00:00,495.0,0.07,0.06,0.07,0.010000002,16.66667,3.0,2871,0.523442265625,False,REGULAR,USD
SPY260918P00500000,2026-08-18 14:34:08+00:00,500.0,0.08,0.07,0.08,0.02,33.333336,20.0,9465,0.5195360546875,False,REGULAR,USD
SPY260918P00505000,2026-08-18 14:07:48+00:00,505.0,0.08,0.07,0.08,0.009999998,14.285711,3000.0,5885,0.507817421875,False,REGULAR,USD
SPY260918P00510000,2026-08-18 14:51:16+00:00,510.0,0.09,0.08,0.09,0.020000003,28.571432,1.0,2542,0.5039112109375,False,REGULAR,USD
SPY260918P00515000,2026-08-14 20:11:46+00:00,515.0,0.09,0.08,0.09,0.0,0.0,34.0,201847,0.495122236328125,False,REGULAR,USD
SPY260918P00520000,2026-08-18 18:07:34+00:00,520.0,0.1,0.09,0.1,0.0,0.0,3.0,210128,0.4892629199218751,False,REGULAR,USD
SPY260918P00525000,2026-08-18 18:16:05+00:00,525.0,0.11,0.1,0.11,0.009999998,9.999997,83.0,209019,0.48340360351562506,False,REGULAR,USD
SPY260918P00530000,2026-08-18 16:30:56+00:00,530.0,0.1,0.1,0.11,0.0,0.0,12.0,3286,0.471684970703125,False,REGULAR,USD
SPY260918P00535000,2026-08-17 19:41:52+00:00,535.0,0.12,0.11,0.12,0.0,0.0,64.0,1886,0.46484910156250003,False,REGULAR,USD
SPY260918P00540000,2026-08-18 13:51:41+00:00,540.0,0.14,0.12,0.13,0.020000003,16.66667,1.0,2967,0.4580132324218751,False,REGULAR,USD
SPY260918P00545000,2026-08-17 13:30:01+00:00,545.0,0.12,0.13,0.14,0.0,0.0,1.0,5008,0.45117736328125,False,REGULAR,USD
SPY260918P00550000,2026-08-18 18:09:18+00:00,550.0,0.16,0.14,0.15,0.030000001,23.076923,30.0,18301,0.44336494140625,False,REGULAR,USD
SPY260918P00555000,2026-08-18 14:22:14+00:00,555.0,0.16,0.15,0.16,0.019999996,14.285711,1.0,1138,0.43555251953125,False,REGULAR,USD
SPY260918P00560000,2026-08-17 16:52:47+00:00,560.0,0.15,0.17,0.18,0.0,0.0,1059.0,3885,0.43066975585937506,False,REGULAR,USD
SPY260918P00565000,2026-08-18 18:35:15+00:00,565.0,0.18,0.18,0.19,0.010000005,5.5555587,3.0,10871,0.42236905761718746,False,REGULAR,USD
SPY260918P00570000,2026-08-14 17:51:33+00:00,570.0,0.2,0.19,0.2,0.030000001,17.647058,15001.0,21789,0.41358008300781246,False,REGULAR,USD
SPY260918P00575000,2026-08-18 17:45:08+00:00,575.0,0.22,0.21,0.22,0.03999999,22.222216,53.0,13379,0.40772076660156253,False,REGULAR,USD
SPY260918P00580000,2026-08-18 17:24:09+00:00,580.0,0.23,0.22,0.23,0.010000005,4.545457,6.0,11235,0.39893179199218753,False,REGULAR,USD
SPY260918P00585000,2026-08-18 17:24:09+00:00,585.0,0.25,0.24,0.25,0.030000001,13.636364,2.0,8940,0.3918517846679687,False,REGULAR,USD
SPY260918P00590000,2026-08-18 17:44:21+00:00,590.0,0.26,0.26,0.27,0.029999986,13.043471,27.0,20232,0.38477177734374995,False,REGULAR,USD
SPY260918P00595000,2026-08-17 19:41:26+00:00,595.0,0.28,0.28,0.29,0.0,0.0,13.0,8140,0.37720349365234374,False,REGULAR,USD
SPY260918P00600000,2026-08-18 18:00:04+00:00,600.0,0.31,0.3,0.31,0.030000001,10.714286,150.0,62782,0.36939107177734376,False,REGULAR,USD
SPY260918P00601000,2026-08-18 14:23:20+00:00,601.0,0.32,0.3,0.31,0.049999982,18.51851,1.0,1636,0.367193828125,False,REGULAR,USD
SPY260918P00602000,2026-08-17 19:49:52+00:00,602.0,0.29,0.31,0.32,0.0,0.0,5.0,79,0.3667055517578125,False,REGULAR,USD
SPY260918P00603000,2026-08-07 14:50:28+00:00,603.0,0.42,0.32,0.33,0.0,0.0,10.0,1536,0.36597313720703123,False,REGULAR,USD
SPY260918P00604000,2026-08-07 15:55:02+00:00,604.0,0.42,0.32,0.33,0.0,0.0,10.0,1028,0.36377589355468753,False,REGULAR,USD
SPY260918P00605000,2026-08-18 15:25:47+00:00,605.0,0.35,0.32,0.33,0.049999982,16.66666,2.0,51801,0.36133451171875,False,REGULAR,USD
SPY260918P00606000,2026-08-17 14:27:23+00:00,606.0,0.28,0.33,0.34,0.0,0.0,10.0,517,0.36084623535156246,False,REGULAR,USD
SPY260918P00607000,2026-08-18 16:21:28+00:00,607.0,0.34,0.33,0.34,0.03999999,13.333329,53.0,86,0.358404853515625,False,REGULAR,USD
SPY260918P00608000,2026-08-03 17:42:19+00:00,608.0,0.73,0.34,0.35,0.0,0.0,2.0,88,0.35767243896484374,False,REGULAR,USD
SPY260918P00609000,2026-08-18 16:17:01+00:00,609.0,0.35,0.34,0.35,0.03999999,12.903223,4.0,135,0.35547519531249994,False,REGULAR,USD
SPY260918P00610000,2026-08-18 18:22:15+00:00,610.0,0.35,0.35,0.36,0.01999998,6.0606,19.0,51532,0.35474278076171867,False,REGULAR,USD
SPY260918P00611000,2026-08-17 13:30:17+00:00,611.0,0.3,0.35,0.36,0.0,0.0,200.0,453,0.352545537109375,False,REGULAR,USD
SPY260918P00612000,2026-08-18 16:18:09+00:00,612.0,0.37,0.36,0.37,0.03999999,12.121209,7.0,277,0.35156898437499995,False,REGULAR,USD
SPY260918P00613000,2026-08-18 14:58:37+00:00,613.0,0.38,0.36,0.37,0.049999982,15.151508,63.0,315,0.3493717407226562,False,REGULAR,USD
SPY260918P00614000,2026-08-13 15:52:43+00:00,614.0,0.36,0.37,0.38,0.0,0.0,61.0,1151,0.34839518798828123,False,REGULAR,USD
SPY260918P00615000,2026-08-18 15:24:19+00:00,615.0,0.4,0.38,0.39,0.050000012,14.285717,5.0,104603,0.3474186352539062,False,REGULAR,USD
SPY260918P00616000,2026-08-18 15:03:50+00:00,616.0,0.4,0.38,0.39,0.050000012,14.285717,21.0,308,0.3452213916015625,False,REGULAR,USD
SPY260918P00617000,2026-08-18 16:21:28+00:00,617.0,0.39,0.39,0.4,-0.09,-18.75,52.0,193,0.3442448388671875,False,REGULAR,USD
SPY260918P00618000,2026-08-18 18:09:54+00:00,618.0,0.42,0.39,0.4,0.049999982,13.513508,3.0,682,0.34204759521484374,False,REGULAR,USD
SPY260918P00619000,2026-08-18 16:17:01+00:00,619.0,0.4,0.4,0.41,0.060000002,17.647058,24.0,301,0.34107104248046877,False,REGULAR,USD
SPY260918P00620000,2026-08-18 17:02:55+00:00,620.0,0.41,0.4,0.41,0.02000001,5.1282077,151.0,158066,0.33887379882812496,False,REGULAR,USD
SPY260918P00621000,2026-08-13 19:52:31+00:00,621.0,0.39,0.41,0.42,0.0,0.0,1.0,655,0.33765310791015624,False,REGULAR,USD
SPY260918P00622000,2026-08-18 15:04:26+00:00,622.0,0.43,0.42,0.43,0.04000002,10.256415,10.0,823,0.33667655517578127,False,REGULAR,USD
SPY260918P00623000,2026-08-10 14:02:18+00:00,623.0,0.5,0.42,0.43,0.0,0.0,3.0,239,0.33447931152343746,False,REGULAR,USD
SPY260918P00624000,2026-08-17 14:28:45+00:00,624.0,0.37,0.43,0.44,0.0,0.0,320.0,806,0.3332586206054688,False,REGULAR,USD
SPY260918P00625000,2026-08-18 18:11:44+00:00,625.0,0.46,0.43,0.44,0.050000012,12.195125,25.0,132865,0.331061376953125,False,REGULAR,USD
SPY260918P00626000,2026-08-13 16:22:14+00:00,626.0,0.42,0.44,0.45,0.0,0.0,4.0,339,0.32996275512695306,False,REGULAR,USD
SPY260918P00627000,2026-08-18 15:44:27+00:00,627.0,0.48,0.45,0.46,0.06999999,17.073168,1.0,407,0.3288641333007812,False,REGULAR,USD
SPY260918P00628000,2026-08-12 15:54:00+00:00,628.0,0.5,0.45,0.46,0.0,0.0,100.0,364,0.3265448205566406,False,REGULAR,USD
SPY260918P00629000,2026-08-14 17:04:29+00:00,629.0,0.42,0.46,0.47,0.0,0.0,15.0,213,0.3254461987304687,False,REGULAR,USD
SPY260918P00630000,2026-08-18 16:56:53+00:00,630.0,0.47,0.47,0.48,0.030000001,6.818182,115.0,11521,0.3242255078124999,False,REGULAR,USD
SPY260918P00631000,2026-08-18 13:43:12+00:00,631.0,0.47,0.47,0.48,0.030000001,6.818182,1.0,375,0.3219061950683593,False,REGULAR,USD
SPY260918P00632000,2026-08-17 13:49:51+00:00,632.0,0.4,0.48,0.49,0.0,0.0,2.0,486,0.3205634350585937,False,REGULAR,USD
SPY260918P00633000,2026-08-18 15:04:26+00:00,633.0,0.51,0.49,0.5,0.049999982,10.869561,22.0,583,0.3193427441406249,False,REGULAR,USD
SPY260918P00634000,2026-08-18 16:27:35+00:00,634.0,0.5,0.49,0.5,-0.24000001,-32.43243,52.0,715,0.3171455004882812,False,REGULAR,USD
SPY260918P00635000,2026-08-18 15:21:39+00:00,635.0,0.55,0.5,0.51,0.08000001,17.021278,104.0,8573,0.31592480957031244,False,REGULAR,USD
SPY260918P00636000,2026-08-10 16:06:05+00:00,636.0,0.58,0.51,0.52,0.0,0.0,10.0,263,0.31445998046874996,False,REGULAR,USD
SPY260918P00637000,2026-08-14 18:13:49+00:00,637.0,0.46,0.52,0.53,0.0,0.0,8.0,448,0.31323928955078123,False,REGULAR,USD
SPY260918P00638000,2026-08-18 16:29:11+00:00,638.0,0.53,0.52,0.53,0.07999998,17.777775,2.0,581,0.3109199768066406,False,REGULAR,USD
SPY260918P00639000,2026-08-18 14:43:54+00:00,639.0,0.54,0.53,0.54,0.04000002,8.000004,30.0,669,0.309577216796875,False,REGULAR,USD
SPY260918P00640000,2026-08-18 15:45:07+00:00,640.0,0.57,0.54,0.55,0.060000002,11.764706,251.0,12486,0.30823445678710937,False,REGULAR,USD
SPY260918P00641000,2026-08-11 19:00:36+00:00,641.0,0.69,0.55,0.56,0.0,0.0,5.0,399,0.30689169677734374,False,REGULAR,USD
SPY260918P00642000,2026-08-18 14:58:37+00:00,642.0,0.59,0.56,0.57,0.07999998,15.686271,482.0,545,0.30542686767578126,False,REGULAR,USD
SPY260918P00643000,2026-08-17 13:34:03+00:00,643.0,0.47,0.57,0.58,0.0,0.0,4.0,285,0.3039620385742187,False,REGULAR,USD
SPY260918P00644000,2026-08-14 15:52:56+00:00,644.0,0.55,0.57,0.58,0.0,0.0,1.0,209,0.301764794921875,False,REGULAR,USD
SPY260918P00645000,2026-08-18 16:09:13+00:00,645.0,0.59,0.58,0.59,0.03999996,7.2727203,700.0,6312,0.3002999658203125,False,REGULAR,USD
SPY260918P00646000,2026-08-18 15:45:07+00:00,646.0,0.61,0.59,0.6,0.100000024,19.607847,6.0,476,0.29883513671874995,False,REGULAR,USD
SPY260918P00647000,2026-08-18 15:45:07+00:00,647.0,0.62,0.6,0.61,-0.01999998,-3.1249971,3.0,246,0.2973703076171874,False,REGULAR,USD
SPY260918P00648000,2026-08-11 13:30:37+00:00,648.0,0.73,0.61,0.62,0.0,0.0,21.0,267,0.295905478515625,False,REGULAR,USD
SPY260918P00649000,2026-08-18 15:04:25+00:00,649.0,0.65,0.62,0.63,0.07999998,14.035085,29.0,784,0.29431858032226554,False,REGULAR,USD
SPY260918P00650000,2026-08-18 17:00:50+00:00,650.0,0.64,0.63,0.64,0.050000012,8.474578,204.0,93486,0.29273168212890616,False,REGULAR,USD
SPY260918P00651000,2026-08-18 15:04:25+00:00,651.0,0.67,0.64,0.65,0.06999999,11.666665,28.0,1093,0.2912668530273437,False,REGULAR,USD
SPY260918P00652000,2026-08-13 16:45:51+00:00,652.0,0.62,0.65,0.66,0.0,0.0,4.0,420,0.28967995483398434,False,REGULAR,USD
SPY260918P00653000,2026-08-18 15:45:07+00:00,653.0,0.68,0.66,0.67,0.06999999,11.475408,3.0,467,0.2880930566406249,False,REGULAR,USD
SPY260918P00654000,2026-08-13 17:44:31+00:00,654.0,0.63,0.67,0.68,0.0,0.0,5.0,486,0.28650615844726557,False,REGULAR,USD
SPY260918P00655000,2026-08-18 18:42:15+00:00,655.0,0.69,0.68,0.69,0.060000002,9.67742,253.0,31169,0.2849192602539062,False,REGULAR,USD
SPY260918P00656000,2026-08-18 14:45:56+00:00,656.0,0.7,0.69,0.7,0.050000012,7.6923094,1.0,380,0.2833323620605468,False,REGULAR,USD
SPY260918P00657000,2026-08-18 15:04:25+00:00,657.0,0.73,0.7,0.71,0.120000005,19.67213,80.0,719,0.28174546386718746,False,REGULAR,USD
SPY260918P00658000,2026-08-18 15:45:07+00:00,658.0,0.74,0.71,0.72,0.13999999,23.33333,267.0,478,0.28003649658203117,False,REGULAR,USD
SPY260918P00659000,2026-08-12 14:31:22+00:00,659.0,0.79,0.72,0.73,0.0,0.0,20.0,664,0.2784495983886719,False,REGULAR,USD
SPY260918P00660000,2026-08-18 18:35:48+00:00,660.0,0.74,0.73,0.74,0.050000012,7.3529425,6193.0,84483,0.27674063110351554,False,REGULAR,USD
SPY260918P00661000,2026-08-18 15:17:00+00:00,661.0,0.8,0.74,0.75,0.120000005,17.647058,62.0,634,0.27503166381835936,False,REGULAR,USD
SPY260918P00662000,2026-08-18 15:45:07+00:00,662.0,0.79,0.75,0.76,0.08000004,11.2676115,107.0,1260,0.273444765625,False,REGULAR,USD
SPY260918P00663000,2026-08-18 15:45:07+00:00,663.0,0.8,0.77,0.78,0.13999999,21.212118,380.0,634,0.27234614379882804,False,REGULAR,USD
SPY260918P00664000,2026-08-18 15:45:07+00:00,664.0,0.81,0.78,0.79,0.07999998,10.958901,6.0,593,0.2706371765136719,False,REGULAR,USD
SPY260918P00665000,2026-08-18 16:34:12+00:00,665.0,0.82,0.79,0.8,0.06999999,9.333332,1098.0,110259,0.2688061401367187,False,REGULAR,USD
SPY260918P00666000,2026-08-18 15:45:07+00:00,666.0,0.84,0.8,0.81,0.119999945,16.666658,821.0,587,0.26709717285156254,False,REGULAR,USD
SPY260918P00667000,2026-08-18 15:45:07+00:00,667.0,0.85,0.82,0.83,0.08000004,10.389616,7.0,910,0.2659985510253906,False,REGULAR,USD
SPY260918P00668000,2026-08-18 16:02:12+00:00,668.0,0.85,0.83,0.84,0.13,18.055555,905.0,1073,0.26416751464843746,False,REGULAR,USD
SPY260918P00669000,2026-08-18 17:42:31+00:00,669.0,0.87,0.84,0.85,0.06999999,8.749999,523.0,445,0.2623975128173829,False,REGULAR,USD
SPY260918P00670000,2026-08-18 17:59:50+00:00,670.0,0.9,0.86,0.87,0.099999964,12.499995,19620.0,72682,0.2611157873535156,False,REGULAR,USD
SPY260918P00671000,2026-08-18 15:02:54+00:00,671.0,0.94,0.87,0.88,0.13999999,17.499998,2.0,1596,0.259345785522461,False,REGULAR,USD
SPY260918P00672000,2026-08-18 15:55:18+00:00,672.0,0.91,0.89,0.9,0.060000002,7.058823,5.0,1047,0.2580640600585938,False,REGULAR,USD
SPY260918P00673000,2026-08-18 15:45:07+00:00,673.0,0.95,0.9,0.91,0.120000005,14.457831,17.0,877,0.25623302368164064,False,REGULAR,USD
SPY260918P00674000,2026-08-18 15:04:26+00:00,674.0,0.96,0.91,0.92,0.120000005,14.285715,2.0,3071,0.25440198730468755,False,REGULAR,USD
SPY260918P00675000,2026-08-18 18:34:39+00:00,675.0,0.94,0.93,0.94,0.06999999,8.045976,1110.0,21516,0.2530592272949219,False,REGULAR,USD
SPY260918P00676000,2026-08-18 16:45:36+00:00,676.0,0.98,0.95,0.96,0.110000014,12.643681,11.0,694,0.25165543273925783,False,REGULAR,USD
SPY260918P00677000,2026-08-18 17:56:06+00:00,677.0,0.99,0.97,0.98,0.18,22.222221,278.0,924,0.25025163818359375,False,REGULAR,USD
SPY260918P00678000,2026-08-18 18:01:37+00:00,678.0,1.03,0.99,1.0,0.17999995,21.176464,14.0,1093,0.2488478436279297,False,REGULAR,USD
SPY260918P00679000,2026-08-18 14:41:01+00:00,679.0,1.0,1.0,1.01,0.060000002,6.382979,2.0,1133,0.24695577270507812,False,REGULAR,USD
SPY260918P00680000,2026-08-18 18:18:53+00:00,680.0,1.04,1.02,1.03,0.07999998,8.333331,1985.0,23409,0.24549094360351562,False,REGULAR,USD
SPY260918P00681000,2026-08-17 16:46:11+00:00,681.0,0.91,1.03,1.04,0.0,0.0,337.0,572,0.24353783813476562,False,REGULAR,USD
SPY260918P00682000,2026-08-18 16:16:58+00:00,682.0,1.08,1.06,1.07,0.15000004,16.129036,3.0,959,0.24243921630859372,False,REGULAR,USD
SPY260918P00683000,2026-08-18 15:09:23+00:00,683.0,1.14,1.08,1.09,0.13999999,13.999998,1.0,612,0.24097438720703124,False,REGULAR,USD
SPY260918P00684000,2026-08-18 14:17:19+00:00,684.0,1.12,1.09,1.1,0.110000014,10.891091,1.0,697,0.2389602471923828,False,REGULAR,USD
SPY260918P00685000,2026-08-18 18:39:25+00:00,685.0,1.12,1.12,1.13,0.08000004,7.692312,234.0,14463,0.23780059082031246,False,REGULAR,USD
SPY260918P00686000,2026-08-18 14:53:24+00:00,686.0,1.18,1.14,1.15,0.14999998,14.563106,40.0,870,0.2362136926269531,False,REGULAR,USD
SPY260918P00687000,2026-08-18 15:22:06+00:00,687.0,1.26,1.17,1.18,0.18999994,17.757004,4.0,573,0.2350540362548828,False,REGULAR,USD
SPY260918P00688000,2026-08-18 18:38:11+00:00,688.0,1.19,1.19,1.2,0.100000024,9.174314,75.0,2480,0.233406103515625,False,REGULAR,USD
SPY260918P00689000,2026-08-18 18:38:19+00:00,689.0,1.21,1.21,1.22,0.20000005,19.801985,52.0,719,0.23169713623046873,False,REGULAR,USD
SPY260918P00690000,2026-08-18 18:22:15+00:00,690.0,1.23,1.24,1.25,0.100000024,8.849559,252.0,20127,0.2304764453125,False,REGULAR,USD
SPY260918P00691000,2026-08-18 18:30:24+00:00,691.0,1.26,1.25,1.26,0.13999999,12.499998,12.0,483,0.2283402362060547,False,REGULAR,USD
SPY260918P00692000,2026-08-18 18:15:33+00:00,692.0,1.31,1.28,1.29,0.13,11.01695,11.0,2356,0.22699747619628902,False,REGULAR,USD
SPY260918P00693000,2026-08-18 15:34:34+00:00,693.0,1.39,1.31,1.32,0.21000004,17.796614,56.0,1182,0.22565471618652344,False,REGULAR,USD
SPY260918P00694000,2026-08-18 18:30:24+00:00,694.0,1.35,1.34,1.35,0.13,10.655738,8.0,911,0.22425092163085933,False,REGULAR,USD
SPY260918P00695000,2026-08-18 17:51:19+00:00,695.0,1.4,1.37,1.38,0.14999998,11.999998,235.0,6445,0.22284712707519527,False,REGULAR,USD
SPY260918P00696000,2026-08-18 15:26:08+00:00,696.0,1.52,1.39,1.4,0.26,20.63492,7.0,1073,0.22101609069824218,False,REGULAR,USD
SPY260918P00697000,2026-08-18 15:04:26+00:00,697.0,1.48,1.42,1.43,0.25,20.325203,31.0,819,0.21955126159667968,False,REGULAR,USD
SPY260918P00698000,2026-08-18 18:09:52+00:00,698.0,1.51,1.45,1.46,0.20000005,15.2671795,4.0,2078,0.2180253979492187,False,REGULAR,USD
SPY260918P00699000,2026-08-18 18:09:45+00:00,699.0,1.55,1.49,1.5,0.32999992,27.049173,50.0,1222,0.21680470703125,False,REGULAR,USD
SPY260918P00700000,2026-08-18 18:37:12+00:00,700.0,1.52,1.52,1.53,0.15999997,11.764703,2387.0,58883,0.21521780883789063,False,REGULAR,USD
SPY260918P00701000,2026-08-18 15:45:13+00:00,701.0,1.62,1.55,1.56,0.22000003,15.714289,10.0,1546,0.21363091064453127,False,REGULAR,USD
SPY260918P00702000,2026-08-18 17:29:41+00:00,702.0,1.61,1.58,1.59,0.24000001,17.518248,48.0,829,0.21198297790527343,False,REGULAR,USD
SPY260918P00703000,2026-08-18 15:37:18+00:00,703.0,1.73,1.62,1.63,0.27999997,19.31034,11.0,620,0.21070125244140625,False,REGULAR,USD
SPY260918P00704000,2026-08-18 18:11:01+00:00,704.0,1.71,1.66,1.67,0.23000002,15.540542,105.0,1271,0.20929745788574217,False,REGULAR,USD
SPY260918P00705000,2026-08-18 18:12:00+00:00,705.0,1.76,1.69,1.7,0.26,17.333334,247.0,9288,0.20758849060058593,False,REGULAR,USD
SPY260918P00706000,2026-08-18 17:05:49+00:00,706.0,1.74,1.73,1.74,0.16999996,10.828023,3.0,926,0.2061236614990234,False,REGULAR,USD
SPY260918P00707000,2026-08-18 18:11:01+00:00,707.0,1.84,1.77,1.78,0.26,16.455696,166.0,1766,0.2046588323974609,False,REGULAR,USD
SPY260918P00708000,2026-08-18 16:02:12+00:00,708.0,1.84,1.81,1.82,0.26,16.455696,8.0,1139,0.20313296874999998,False,REGULAR,USD
SPY260918P00709000,2026-08-18 16:49:22+00:00,709.0,1.86,1.85,1.86,0.23000002,14.110431,41.0,7361,0.20160710510253904,False,REGULAR,USD
SPY260918P00710000,2026-08-18 18:34:12+00:00,710.0,1.92,1.9,1.91,0.24000001,14.285715,6850.0,51083,0.2002643450927734,False,REGULAR,USD
SPY260918P00711000,2026-08-18 18:32:47+00:00,711.0,1.95,1.94,1.95,0.23000002,13.372094,288.0,2566,0.19867744689941402,False,REGULAR,USD
SPY260918P00712000,2026-08-18 17:58:39+00:00,712.0,2.05,1.98,2.0,0.31999993,18.497105,17.0,1744,0.19727365234375,False,REGULAR,USD
SPY260918P00713000,2026-08-18 18:35:27+00:00,713.0,2.03,2.04,2.05,0.27999997,15.999998,40.0,1138,0.19586985778808597,False,REGULAR,USD
SPY260918P00714000,2026-08-18 18:36:06+00:00,714.0,2.09,2.09,2.1,0.25999987,14.207643,184.0,1713,0.1943745114135742,False,REGULAR,USD
SPY260918P00715000,2026-08-18 18:37:40+00:00,715.0,2.13,2.14,2.16,0.25000012,13.297878,1184.0,32177,0.19312330322265625,False,REGULAR,USD
SPY260918P00716000,2026-08-18 18:35:27+00:00,716.0,2.19,2.19,2.21,0.29000008,15.263162,60.0,1468,0.1915669223022461,False,REGULAR,USD
SPY260918P00717000,2026-08-18 18:13:52+00:00,717.0,2.29,2.25,2.27,0.32999992,16.836731,467.0,2122,0.1901936450195313,False,REGULAR,USD
SPY260918P00718000,2026-08-18 18:02:38+00:00,718.0,2.38,2.31,2.32,0.3900001,19.597996,298.0,2477,0.18860674682617187,False,REGULAR,USD
SPY260918P00719000,2026-08-18 17:58:43+00:00,719.0,2.44,2.36,2.38,0.37000012,17.874403,211.0,4158,0.1871419177246094,False,REGULAR,USD
SPY260918P00720000,2026-08-18 18:24:24+00:00,720.0,2.44,2.43,2.44,0.33000016,15.639818,8757.0,36405,0.18567708862304685,False,REGULAR,USD
SPY260918P00721000,2026-08-18 18:13:45+00:00,721.0,2.54,2.49,2.51,0.3699999,17.050686,253.0,2178,0.18433432861328125,False,REGULAR,USD
SPY260918P00722000,2026-08-18 18:30:14+00:00,722.0,2.55,2.55,2.57,0.3499999,15.909087,97.0,2085,0.1827779476928711,False,REGULAR,USD
SPY260918P00723000,2026-08-18 15:53:32+00:00,723.0,2.66,2.63,2.64,0.42000008,18.750004,132.0,2460,0.181374153137207,False,REGULAR,USD
SPY260918P00724000,2026-08-18 18:30:14+00:00,724.0,2.69,2.7,2.71,0.36000013,15.450651,125.0,1073,0.17990932403564452,False,REGULAR,USD
SPY260918P00725000,2026-08-18 18:34:26+00:00,725.0,2.79,2.77,2.78,0.39999986,16.736395,3384.0,24035,0.17841397766113282,False,REGULAR,USD
SPY260918P00726000,2026-08-18 17:58:43+00:00,726.0,2.93,2.84,2.85,0.48000002,19.591837,86.0,3507,0.17685759674072266,False,REGULAR,USD
SPY260918P00727000,2026-08-18 18:09:45+00:00,727.0,3.05,2.92,2.93,0.53,21.031744,470.0,1156,0.17545380218505857,False,REGULAR,USD
SPY260918P00728000,2026-08-18 18:36:06+00:00,728.0,3.0,3.0,3.01,0.44000006,17.187504,218.0,1494,0.17401949035644532,False,REGULAR,USD
SPY260918P00729000,2026-08-18 17:58:39+00:00,729.0,3.18,3.08,3.1,0.5700002,21.839087,443.0,9483,0.1726767303466797,False,REGULAR,USD
SPY260918P00730000,2026-08-18 18:28:40+00:00,730.0,3.18,3.17,3.19,0.44000006,16.058397,5163.0,39714,0.17130345306396483,False,REGULAR,USD
SPY260918P00731000,2026-08-18 16:20:01+00:00,731.0,3.32,3.26,3.27,0.49,17.314487,157.0,2657,0.16968603759765627,False,REGULAR,USD
SPY260918P00732000,2026-08-18 18:29:40+00:00,732.0,3.35,3.35,3.37,0.4599998,15.916947,21478.0,12774,0.16834327758789067,False,REGULAR,USD
SPY260918P00733000,2026-08-18 18:31:52+00:00,733.0,3.43,3.45,3.46,0.48000002,16.271187,131.0,2676,0.16681741394042973,False,REGULAR,USD
SPY260918P00734000,2026-08-18 18:18:11+00:00,734.0,3.57,3.55,3.56,0.55999994,18.604649,98.0,7562,0.16535258483886722,False,REGULAR,USD
SPY260918P00735000,2026-08-18 18:21:55+00:00,735.0,3.66,3.66,3.67,0.5400002,17.3077,1044.0,31863,0.16404034210205082,False,REGULAR,USD
SPY260918P00736000,2026-08-18 18:13:26+00:00,736.0,3.87,3.76,3.78,0.63999987,19.814238,20156.0,21963,0.16263654754638673,False,REGULAR,USD
SPY260918P00737000,2026-08-18 18:42:08+00:00,737.0,3.87,3.88,3.89,0.55999994,16.918427,592.0,2765,0.1611717184448242,False,REGULAR,USD
SPY260918P00738000,2026-08-18 18:31:52+00:00,738.0,3.97,3.99,4.0,0.5799999,17.109142,192.0,3639,0.15964585479736326,False,REGULAR,USD
SPY260918P00739000,2026-08-18 18:23:28+00:00,739.0,4.13,4.12,4.13,0.6200001,17.66382,212.0,20731,0.15836412933349608,False,REGULAR,USD
SPY260918P00740000,2026-08-18 18:35:40+00:00,740.0,4.24,4.24,4.26,0.6199999,17.12707,1815.0,18657,0.15699085205078128,False,REGULAR,USD
SPY260918P00741000,2026-08-18 18:23:07+00:00,741.0,4.37,4.37,4.38,0.7099998,19.398901,532.0,1743,0.15543447113037112,False,REGULAR,USD
SPY260918P00742000,2026-08-18 18:34:25+00:00,742.0,4.52,4.5,4.52,0.68000007,17.708336,254.0,2826,0.15406119384765626,False,REGULAR,USD
SPY260918P00743000,2026-08-18 16:51:12+00:00,743.0,4.6,4.65,4.67,0.6299999,15.869015,362.0,3083,0.15277946838378909,False,REGULAR,USD
SPY260918P00744000,2026-08-18 18:41:19+00:00,744.0,4.8,4.78,4.8,0.78999996,19.700747,253.0,2532,0.1511315356445313,False,REGULAR,USD
SPY260918P00745000,2026-08-18 18:40:53+00:00,745.0,4.94,4.95,4.97,0.72000027,17.061619,2702.0,16230,0.14997187927246097,False,REGULAR,USD
SPY260918P00746000,2026-08-18 18:40:02+00:00,746.0,5.07,5.11,5.12,0.72000027,16.551731,1431.0,3300,0.148446015625,False,REGULAR,USD
SPY260918P00747000,2026-08-18 18:08:38+00:00,747.0,5.45,5.27,5.29,0.9499998,21.111107,997.0,2416,0.14710325561523438,False,REGULAR,USD
SPY260918P00748000,2026-08-18 18:42:36+00:00,748.0,5.44,5.44,5.45,0.9000001,19.955656,205.0,2241,0.1455468746948242,False,REGULAR,USD
SPY260918P00749000,2026-08-18 18:31:28+00:00,749.0,5.61,5.61,5.63,0.8299999,17.364014,374.0,2829,0.14415833877563478,False,REGULAR,USD
SPY260918P00750000,2026-08-18 18:37:51+00:00,750.0,5.77,5.79,5.81,0.8200002,16.56566,4863.0,31192,0.14267825103759768,False,REGULAR,USD
SPY260918P00751000,2026-08-18 18:18:54+00:00,751.0,6.0,5.98,6.0,0.88999987,17.416826,396.0,1485,0.1412439392089844,False,REGULAR,USD
SPY260918P00752000,2026-08-18 18:14:13+00:00,752.0,6.3,6.18,6.2,1.0500002,20.000004,140.0,2065,0.13984014465332031,False,REGULAR,USD
SPY260918P00753000,2026-08-18 18:09:47+00:00,753.0,6.66,6.38,6.41,1.1999998,21.97802,68.0,2804,0.13846686737060548,False,REGULAR,USD
SPY260918P00754000,2026-08-18 18:13:30+00:00,754.0,6.74,6.6,6.64,1.2099996,21.880642,262.0,2443,0.13723091781616215,False,REGULAR,USD
SPY260918P00755000,2026-08-18 18:42:01+00:00,755.0,6.86,6.82,6.86,1.0500002,18.072292,23527.0,14022,0.1357660887145996,False,REGULAR,USD
SPY260918P00756000,2026-08-18 18:34:53+00:00,756.0,7.08,7.08,7.11,1.0699997,17.803656,86.0,2018,0.1345606564331055,False,REGULAR,USD
SPY260918P00757000,2026-08-18 18:19:16+00:00,757.0,7.33,7.31,7.34,1.1599998,18.800646,2349.0,3132,0.13298901687622072,False,REGULAR,USD
SPY260918P00758000,2026-08-18 18:11:58+00:00,758.0,7.83,7.56,7.6,1.4299998,22.343748,82.0,1617,0.1316615155029297,False,REGULAR,USD
SPY260918P00759000,2026-08-18 18:08:11+00:00,759.0,8.09,7.83,7.86,1.4500003,21.837355,119.0,2004,0.1302272036743164,False,REGULAR,USD
SPY260918P00760000,2026-08-18 18:41:18+00:00,760.0,8.1,8.11,8.14,1.1900005,17.221426,16636.0,33276,0.12888444366455076,False,REGULAR,USD
SPY260918P00761000,2026-08-18 18:00:24+00:00,761.0,8.72,8.39,8.43,1.5700002,21.958044,226.0,1376,0.1275416836547852,False,REGULAR,USD
SPY260918P00762000,2026-08-18 18:28:15+00:00,762.0,8.68,8.69,8.72,1.2700005,17.139008,187.0,1382,0.12604633728027342,False,REGULAR,USD
SPY260918P00763000,2026-08-18 18:14:37+00:00,763.0,9.11,9.0,9.04,1.4599996,19.08496,228.0,736,0.12477987045288086,False,REGULAR,USD
SPY260918P00764000,2026-08-18 18:31:28+00:00,764.0,9.31,9.33,9.36,1.3700004,17.254412,387.0,1109,0.1233608172607422,False,REGULAR,USD
SPY260918P00765000,2026-08-18 18:37:15+00:00,765.0,9.6,9.67,9.7,1.3600006,16.504862,2593.0,23179,0.12201805725097657,False,REGULAR,USD
SPY260918P00766000,2026-08-18 18:34:53+00:00,766.0,10.05,10.01,10.05,1.5,17.54386,514.0,998,0.12066003860473634,False,REGULAR,USD
SPY260918P00767000,2026-08-18 18:23:28+00:00,767.0,10.41,10.39,10.42,1.5500002,17.49436,240.0,1639,0.11936305450439452,False,REGULAR,USD
SPY260918P00768000,2026-08-18 18:42:10+00:00,768.0,10.77,10.78,10.81,1.5600004,16.938116,1225.0,1070,0.11811184631347656,True,REGULAR,USD
SPY260918P00769000,2026-08-18 18:40:59+00:00,769.0,11.17,11.15,11.19,1.6400003,17.208818,846.0,1370,0.11660124130249025,True,REGULAR,USD
SPY260918P00770000,2026-08-18 18:42:05+00:00,770.0,11.6,11.58,11.62,1.7300005,17.527866,12893.0,20274,0.11547210220336915,True,REGULAR,USD
SPY260918P00771000,2026-08-18 18:14:13+00:00,771.0,12.18,11.99,12.03,1.9700003,19.294811,159.0,1960,0.11394623855590821,True,REGULAR,USD
SPY260918P00772000,2026-08-18 18:06:40+00:00,772.0,12.81,12.46,12.49,2.17,20.394735,183.0,2211,0.1128018408203125,True,REGULAR,USD
SPY260918P00773000,2026-08-18 18:22:05+00:00,773.0,12.8,12.88,13.02,1.7799997,16.152447,146.0,4344,0.11225252990722655,True,REGULAR,USD
SPY260918P00774000,2026-08-18 18:19:26+00:00,774.0,13.4,13.34,13.49,2.0,17.54386,58.0,4292,0.11083347671508789,True,REGULAR,USD
SPY260918P00775000,2026-08-18 18:42:52+00:00,775.0,13.96,13.85,13.96,2.0900002,17.607414,21311.0,25763,0.10923131988525389,True,REGULAR,USD
SPY260918P00776000,2026-08-18 18:20:34+00:00,776.0,14.41,14.41,14.55,2.13,17.345278,62.0,2197,0.10880407806396485,True,REGULAR,USD
SPY260918P00777000,2026-08-18 18:18:13+00:00,777.0,14.95,14.93,15.07,2.3400002,18.556704,109.0,1754,0.10735450759887696,True,REGULAR,USD
SPY260918P00778000,2026-08-18 18:26:18+00:00,778.0,15.6,15.46,15.65,2.3400002,17.64706,37.0,1318,0.10640847213745117,True,REGULAR,USD
SPY260918P00779000,2026-08-18 17:57:59+00:00,779.0,16.37,16.07,16.23,2.670001,19.489058,37.0,1222,0.10524881576538087,True,REGULAR,USD
SPY260918P00780000,2026-08-18 18:41:20+00:00,780.0,16.7,16.58,16.78,2.4400005,17.110804,308.0,4058,0.10349407257080076,True,REGULAR,USD
SPY260918P00781000,2026-08-18 18:13:12+00:00,781.0,17.63,17.2,18.92,2.8899994,19.606508,117.0,459,0.12134667724609374,True,REGULAR,USD
SPY260918P00782000,2026-08-18 16:34:27+00:00,782.0,17.89,17.8,18.06,2.7799997,18.39841,39.0,459,0.10147993255615234,True,REGULAR,USD
SPY260918P00783000,2026-08-14 19:30:09+00:00,783.0,18.31,17.29,18.73,3.9199991,27.241133,4.0,677,0.10053389709472656,True,REGULAR,USD
SPY260918P00784000,2026-08-17 20:01:56+00:00,784.0,15.17,19.11,20.66,0.0,0.0,5.0,115,0.1163723617553711,True,REGULAR,USD
SPY260918P00785000,2026-08-18 17:53:49+00:00,785.0,19.96,19.84,20.06,2.9799995,17.550056,97.0,1156,0.09769579071044923,True,REGULAR,USD
SPY260918P00786000,2026-08-17 14:11:56+00:00,786.0,16.2,20.56,20.79,0.0,0.0,14.0,49,0.09681078979492189,True,REGULAR,USD
SPY260918P00787000,2026-08-18 18:05:29+00:00,787.0,22.25,21.18,22.84,6.17,38.370647,2.0,102,0.11533477447509766,True,REGULAR,USD
SPY260918P00788000,2026-08-18 16:57:01+00:00,788.0,21.81,21.95,22.22,5.1099987,30.598793,10.0,44,0.09366751068115235,True,REGULAR,USD
SPY260918P00789000,2026-08-17 16:54:07+00:00,789.0,18.45,22.73,23.0,0.0,0.0,2.0,144,0.09269095794677734,True,REGULAR,USD
SPY260918P00790000,2026-08-18 18:06:05+00:00,790.0,23.95,23.48,25.0,3.6100006,17.748281,112.0,1975,0.11222201263427733,True,REGULAR,USD
SPY260918P00791000,2026-08-18 14:11:09+00:00,791.0,24.61,24.27,24.54,3.6599998,17.470167,99.0,408,0.0893645751953125,True,REGULAR,USD
SPY260918P00792000,2026-08-14 14:28:24+00:00,792.0,19.35,24.98,25.34,0.0,0.0,5.0,532,0.08765560791015625,True,REGULAR,USD
SPY260918P00793000,2026-08-03 19:22:31+00:00,793.0,35.49,24.21,26.15,0.0,0.0,64.0,32,0.08573301971435549,True,REGULAR,USD
SPY260918P00794000,2026-08-13 19:54:08+00:00,794.0,20.5,25.07,26.94,0.0,0.0,1.0,5,0.08265077514648439,True,REGULAR,USD
SPY260918P00795000,2026-08-18 18:06:05+00:00,795.0,28.03,26.3,29.01,5.5300007,24.57778,27.0,870,0.10923131988525389,True,REGULAR,USD
SPY260918P00796000,2026-08-03 19:19:19+00:00,796.0,38.03,26.7,28.68,0.0,0.0,4.0,2,0.07898870239257813,True,REGULAR,USD
SPY260918P00797000,2026-08-03 19:20:42+00:00,797.0,39.08,27.64,30.99,0.0,0.0,152.0,76,0.11408356628417969,True,REGULAR,USD
SPY260918P00798000,2026-08-18 15:03:46+00:00,798.0,30.5,28.5,31.85,5.6900005,22.934303,4.0,9,0.11383942810058593,True,REGULAR,USD
SPY260918P00799000,2026-08-10 16:30:50+00:00,799.0,27.5,29.56,32.87,0.0,0.0,40.0,13,0.11679960357666015,True,REGULAR,USD
SPY260918P00800000,2026-08-18 17:02:47+00:00,800.0,31.78,30.3,33.69,4.3600006,15.9008045,113.0,1445,0.11542632629394532,True,REGULAR,USD
SPY260918P00801000,2026-08-03 19:20:13+00:00,801.0,42.78,31.22,34.7,0.0,0.0,4.0,2,0.11811184631347656,True,REGULAR,USD
SPY260918P00802000,2026-08-14 19:32:36+00:00,802.0,27.18,32.2,35.58,0.0,0.0,2.0,8682,0.11780667358398436,True,REGULAR,USD
SPY260918P00803000,2026-08-10 18:58:16+00:00,803.0,34.43,33.24,36.58,3.1399994,10.035152,2.0,6,0.12021753814697264,True,REGULAR,USD
SPY260918P00804000,2026-08-05 14:53:22+00:00,804.0,32.69,34.18,37.55,0.0,0.0,2.0,2,0.1218959881591797,True,REGULAR,USD
SPY260918P00805000,2026-08-14 19:32:27+00:00,805.0,29.61,35.05,38.52,0.0,0.0,2.0,303,0.1235134036254883,True,REGULAR,USD
SPY260918P00806000,2026-08-10 13:55:37+00:00,806.0,33.87,36.06,39.5,0.0,0.0,77.0,93,0.12537495727539064,True,REGULAR,USD
SPY260918P00807000,2026-08-10 16:32:01+00:00,807.0,35.05,37.07,40.49,0.0,0.0,1.0,132,0.1274501318359375,True,REGULAR,USD
SPY260918P00808000,2026-08-05 13:38:23+00:00,808.0,34.91,38.04,41.48,0.0,0.0,45.0,8,0.12946427185058595,True,REGULAR,USD
SPY260918P00809000,2026-08-05 13:45:30+00:00,809.0,35.9,39.07,42.48,0.0,0.0,,0,0.13178358459472655,True,REGULAR,USD
SPY260918P00810000,2026-08-18 14:05:20+00:00,810.0,40.7,40.07,43.48,7.700001,23.333336,7.0,7,0.1341028973388672,True,REGULAR,USD
SPY260918P00811000,2026-08-10 16:32:01+00:00,811.0,38.71,41.05,44.48,0.0,0.0,1.0,2,0.13636117553710939,True,REGULAR,USD
SPY260918P00812000,2026-08-06 14:24:52+00:00,812.0,41.0,42.03,45.48,0.0,0.0,,0,0.13861945373535156,True,REGULAR,USD
SPY260918P00813000,2026-08-05 14:53:51+00:00,813.0,40.93,43.05,46.48,0.0,0.0,,0,0.14087773193359376,True,REGULAR,USD
SPY260918P00814000,2026-08-04 17:29:40+00:00,814.0,43.39,44.05,47.48,0.0,0.0,,0,0.14313601013183597,True,REGULAR,USD
SPY260918P00815000,2026-08-04 18:36:23+00:00,815.0,43.52,45.02,48.48,0.0,0.0,4.0,0,0.1453332537841797,True,REGULAR,USD
SPY260918P00816000,2026-08-04 17:29:41+00:00,816.0,45.23,46.02,49.48,0.0,0.0,,0,0.1475915319824219,True,REGULAR,USD
SPY260918P00817000,2026-08-04 17:29:42+00:00,817.0,46.16,47.06,50.48,0.0,0.0,,0,0.14978877563476564,True,REGULAR,USD
SPY260918P00818000,2026-08-17 20:01:34+00:00,818.0,45.3,48.03,51.48,0.0,0.0,1.0,1,0.1519860192871094,True,REGULAR,USD
SPY260918P00819000,2026-08-05 18:12:54+00:00,819.0,47.05,49.05,52.48,0.0,0.0,,0,0.15418326293945314,True,REGULAR,USD
SPY260918P00820000,2026-08-13 19:43:41+00:00,820.0,42.17,50.04,53.48,0.0,0.0,5.0,0,0.1563805065917969,True,REGULAR,USD
SPY260918P00821000,2026-08-17 20:11:30+00:00,821.0,48.38,51.02,54.48,0.0,0.0,1.0,0,0.15851671569824222,True,REGULAR,USD
SPY260918P00825000,2026-08-06 14:31:07+00:00,825.0,54.65,55.02,58.48,0.0,0.0,2.0,0,0.1671225866699219,True,REGULAR,USD
SPY260918P00830000,2026-08-18 16:46:43+00:00,830.0,61.44,60.06,63.48,4.829998,8.532058,64.0,0,0.17768156311035155,True,REGULAR,USD
SPY260918P00840000,2025-09-10 17:48:44+00:00,840.0,190.24,184.15,188.03,0.0,0.0,,0,1.5649130641174314,True,REGULAR,USD
SPY260918P00850000,2026-08-17 13:31:41+00:00,850.0,72.5,80.08,83.48,0.0,0.0,1.0,0,0.2181474670410156,True,REGULAR,USD
SPY260918P00860000,2026-08-07 14:29:25+00:00,860.0,86.9,90.06,93.48,0.0,0.0,1.0,0,0.23743438354492186,True,REGULAR,USD
SPY260918P00865000,2026-06-05 13:39:48+00:00,865.0,113.93,0.0,0.0,0.0,0.0,2.0,0,1.0000000000000003e-05,True,REGULAR,USD
SPY260918P00870000,2026-06-10 15:47:34+00:00,870.0,139.9,114.14,116.94,0.0,0.0,,0,0.5193224337768555,True,REGULAR,USD
SPY260918P00875000,2026-05-18 19:50:02+00:00,875.0,136.7,0.0,0.0,0.0,0.0,,0,1.0000000000000003e-05,True,REGULAR,USD
SPY260918P00885000,2026-06-12 13:40:45+00:00,885.0,149.01,129.13,131.93,0.0,0.0,,0,0.5376022802734376,True,REGULAR,USD
SPY260918P00895000,2026-08-17 19:50:29+00:00,895.0,121.83,125.06,128.48,0.0,0.0,3.0,0,0.30109341491699215,True,REGULAR,USD
SPY260918P00900000,2026-08-17 19:50:29+00:00,900.0,126.81,130.05,133.48,0.0,0.0,3.0,5,0.30976032043457036,True,REGULAR,USD
SPY260918P00905000,2026-08-06 19:49:45+00:00,905.0,136.59,135.08,138.48,0.0,0.0,3.0,0,0.31830515686035155,True,REGULAR,USD
SPY260918P00930000,2026-06-09 16:38:21+00:00,930.0,205.83,174.13,176.93,0.0,0.0,,0,0.6453282537841796,True,REGULAR,USD
SPY260918P00940000,2026-05-15 19:50:37+00:00,940.0,201.8,186.45,189.56,0.0,0.0,2.0,0,0.7083159051513672,True,REGULAR,USD
SPY260918P00945000,2026-05-28 14:12:58+00:00,945.0,192.34,0.0,0.0,0.0,0.0,1.0,0,1.0000000000000003e-05,True,REGULAR,USD
SPY260918P00985000,2026-05-28 14:13:00+00:00,985.0,232.15,0.0,0.0,0.0,0.0,,0,1.0000000000000003e-05,True,REGULAR,USD
SPY260918P00990000,2026-05-18 19:50:02+00:00,990.0,251.7,0.0,0.0,0.0,0.0,,0,1.0000000000000003e-05,True,REGULAR,USD
